x-axis,1,2,3
second,Volt,Volt,Volt
+82.800000E-03,-64.999998E-03,+1.669975E-03,+3.133231107E+00
+82.802000E-03,-64.999998E-03,+363.442E-06,+3.153331609E+00
+82.804000E-03,-64.999998E-03,-340.075E-06,+3.173432112E+00
+82.806000E-03,-64.999998E-03,+162.437E-06,+3.153331609E+00
+82.808000E-03,-64.999998E-03,+61.935E-06,+3.133231107E+00
+82.810000E-03,-64.999998E-03,-38.568E-06,+3.153331609E+00
+82.812000E-03,-64.999998E-03,-340.075E-06,+3.133231107E+00
+82.814000E-03,-165.502511E-03,-943.090E-06,+3.133231107E+00
+82.816000E-03,-64.999998E-03,-1.345100E-03,+3.133231107E+00
+82.818000E-03,-165.502511E-03,-2.953141E-03,+3.153331609E+00
+82.820000E-03,-266.005024E-03,-1.948115E-03,+3.173432112E+00
+82.822000E-03,-64.999998E-03,-1.043593E-03,+3.153331609E+00
+82.824000E-03,-64.999998E-03,-2.752136E-03,+3.173432112E+00
+82.826000E-03,-64.999998E-03,-541.080E-06,+3.153331609E+00
+82.828000E-03,-64.999998E-03,-2.551130E-03,+3.133231107E+00
+82.830000E-03,-64.999998E-03,-1.546105E-03,+3.133231107E+00
+82.832000E-03,-266.005024E-03,-139.070E-06,+3.173432112E+00
+82.834000E-03,-64.999998E-03,-2.551130E-03,+3.153331609E+00
+82.836000E-03,-64.999998E-03,+664.950E-06,+3.173432112E+00
+82.838000E-03,-64.999998E-03,-340.075E-06,+3.133231107E+00
+82.840000E-03,-64.999998E-03,+664.950E-06,+3.133231107E+00
+82.842000E-03,-64.999998E-03,-440.578E-06,+3.133231107E+00
+82.844000E-03,-64.999998E-03,+463.945E-06,+3.133231107E+00
+82.846000E-03,-64.999998E-03,+564.447E-06,+3.173432112E+00
+82.848000E-03,-266.005024E-03,-340.075E-06,+3.173432112E+00
+82.850000E-03,-266.005024E-03,+1.167462E-03,+3.133231107E+00
+82.852000E-03,-64.999998E-03,+1.066960E-03,+3.173432112E+00
+82.854000E-03,-64.999998E-03,+2.272990E-03,+3.153331609E+00
+82.856000E-03,-64.999998E-03,+1.468970E-03,+3.133231107E+00
+82.858000E-03,-165.502511E-03,+865.955E-06,+3.133231107E+00
+82.860000E-03,-64.999998E-03,-340.075E-06,+3.133231107E+00
+82.862000E-03,-64.999998E-03,+564.447E-06,+3.153331610E+00
+82.864000E-03,-64.999998E-03,-943.090E-06,+3.133231107E+00
+82.866000E-03,-165.502511E-03,+865.955E-06,+3.133231107E+00
+82.868000E-03,-64.999998E-03,+1.267965E-03,+3.173432112E+00
+82.870000E-03,-64.999998E-03,-239.573E-06,+3.133231107E+00
+82.872000E-03,-64.999998E-03,-340.075E-06,+3.173432112E+00
+82.874000E-03,-165.502511E-03,-541.080E-06,+3.153331609E+00
+82.876000E-03,-64.999998E-03,-943.090E-06,+3.133231107E+00
+82.878000E-03,-64.999998E-03,-1.043593E-03,+3.133231107E+00
+82.880000E-03,-64.999998E-03,-2.350125E-03,+3.133231107E+00
+82.882000E-03,-64.999998E-03,-1.646608E-03,+3.153331610E+00
+82.884000E-03,-266.005024E-03,-1.546105E-03,+3.133231107E+00
+82.886000E-03,-165.502511E-03,-742.085E-06,+3.133231107E+00
+82.888000E-03,-64.999998E-03,+463.945E-06,+3.133231107E+00
+82.890000E-03,-165.502512E-03,-2.551130E-03,+3.133231107E+00
+82.892000E-03,-266.005024E-03,-541.080E-06,+3.133231107E+00
+82.894000E-03,-64.999998E-03,+363.442E-06,+3.133231107E+00
+82.896000E-03,-64.999998E-03,-1.144095E-03,+3.173432112E+00
+82.898000E-03,-64.999998E-03,-38.568E-06,+3.173432112E+00
+82.900000E-03,-64.999998E-03,+262.940E-06,+3.133231107E+00
+82.902000E-03,-64.999998E-03,+1.066960E-03,+3.133231107E+00
+82.904000E-03,-64.999998E-03,+865.955E-06,+3.133231107E+00
+82.906000E-03,-64.999998E-03,-1.646608E-03,+3.173432112E+00
+82.908000E-03,-64.999998E-03,-1.144095E-03,+3.173432112E+00
+82.910000E-03,-64.999998E-03,+1.267965E-03,+3.133231107E+00
+82.912000E-03,-64.999998E-03,+1.669975E-03,+3.133231107E+00
+82.914000E-03,-64.999998E-03,-943.090E-06,+3.173432112E+00
+82.916000E-03,-64.999998E-03,+1.669975E-03,+3.133231107E+00
+82.918000E-03,-64.999998E-03,+966.457E-06,+3.153331609E+00
+82.920000E-03,-64.999998E-03,-139.070E-06,+3.173432112E+00
+82.922000E-03,-64.999998E-03,+262.940E-06,+3.153331609E+00
+82.924000E-03,-64.999998E-03,-1.144095E-03,+3.133231107E+00
+82.926000E-03,-165.502510E-03,-1.144095E-03,+3.133231107E+00
+82.928000E-03,-64.999998E-03,-1.747110E-03,+3.173432112E+00
+82.930000E-03,-64.999998E-03,+363.442E-06,+3.133231107E+00
+82.932000E-03,-64.999998E-03,-943.090E-06,+3.133231107E+00
+82.934000E-03,-64.999998E-03,-1.747110E-03,+3.153331610E+00
+82.936000E-03,-64.999998E-03,+463.945E-06,+3.133231107E+00
+82.938000E-03,-165.502512E-03,-1.948115E-03,+3.153331609E+00
+82.940000E-03,-64.999998E-03,-742.085E-06,+3.133231107E+00
+82.942000E-03,-165.502512E-03,-1.646608E-03,+3.153331609E+00
+82.944000E-03,-64.999998E-03,+61.935E-06,+3.173432112E+00
+82.946000E-03,-64.999998E-03,-2.048618E-03,+3.153331610E+00
+82.948000E-03,-266.005023E-03,-4.561181E-03,+3.173432112E+00
+82.950000E-03,-64.999998E-03,+1.066960E-03,+3.133231107E+00
+82.952000E-03,-64.999998E-03,+262.940E-06,+3.133231107E+00
+82.954000E-03,-64.999998E-03,+463.945E-06,+3.153331610E+00
+82.956000E-03,-64.999998E-03,+1.669975E-03,+3.133231107E+00
+82.958000E-03,-64.999998E-03,+564.447E-06,+3.133231107E+00
+82.960000E-03,-64.999998E-03,+1.468970E-03,+3.173432112E+00
+82.962000E-03,-64.999998E-03,+1.368467E-03,+3.153331609E+00
+82.964000E-03,-64.999999E-03,-340.075E-06,+3.133231107E+00
+82.966000E-03,-266.005024E-03,-139.070E-06,+3.133231107E+00
+82.968000E-03,-64.999998E-03,-340.075E-06,+3.173432112E+00
+82.970000E-03,-64.999998E-03,+363.442E-06,+3.153331610E+00
+82.972000E-03,-266.005023E-03,+61.935E-06,+3.173432112E+00
+82.974000E-03,-64.999998E-03,+162.437E-06,+3.133231107E+00
+82.976000E-03,-64.999998E-03,-943.090E-06,+3.133231107E+00
+82.978000E-03,-64.999998E-03,+262.940E-06,+3.153331610E+00
+82.980000E-03,-64.999998E-03,-1.948115E-03,+3.133231107E+00
+82.982000E-03,-64.999998E-03,-641.583E-06,+3.133231107E+00
+82.984000E-03,-64.999998E-03,+463.945E-06,+3.133231107E+00
+82.986000E-03,-64.999998E-03,-1.144095E-03,+3.133231107E+00
+82.988000E-03,-64.999998E-03,-1.747110E-03,+3.133231107E+00
+82.990000E-03,-64.999998E-03,+262.940E-06,+3.153331610E+00
+82.992000E-03,-64.999998E-03,+865.955E-06,+3.133231107E+00
+82.994000E-03,-64.999998E-03,+1.066960E-03,+3.173432112E+00
+82.996000E-03,-64.999998E-03,-2.350125E-03,+3.133231107E+00
+82.998000E-03,-64.999998E-03,-2.249623E-03,+3.133231107E+00
+83.000000E-03,-64.999998E-03,+262.940E-06,+3.133231107E+00
+83.002000E-03,-165.502512E-03,+463.945E-06,+3.133231107E+00
+83.004000E-03,-64.999998E-03,+2.473995E-03,+3.133231107E+00
+83.006000E-03,-64.999998E-03,-2.350125E-03,+3.133231107E+00
+83.008000E-03,-64.999999E-03,+1.267965E-03,+3.133231107E+00
+83.010000E-03,-266.005024E-03,-1.345100E-03,+3.153331609E+00
+83.012000E-03,-64.999998E-03,+1.669975E-03,+3.173432111E+00
+83.014000E-03,-64.999998E-03,+162.437E-06,+3.153331609E+00
+83.016000E-03,-64.999998E-03,+2.876005E-03,+3.133231107E+00
+83.018000E-03,+35.502517E-03,+1.066960E-03,+3.133231107E+00
+83.020000E-03,-64.999998E-03,-139.070E-06,+3.133231107E+00
+83.022000E-03,-64.999998E-03,+564.447E-06,+3.133231107E+00
+83.024000E-03,-64.999998E-03,+1.669975E-03,+3.133231107E+00
+83.026000E-03,-64.999998E-03,-742.085E-06,+3.133231107E+00
+83.028000E-03,-266.005023E-03,-139.070E-06,+3.133231107E+00
+83.030000E-03,-64.999998E-03,+463.945E-06,+3.153331609E+00
+83.032000E-03,-64.999998E-03,-943.090E-06,+3.133231107E+00
+83.034000E-03,-165.502510E-03,-2.350125E-03,+3.153331610E+00
+83.036000E-03,-266.005023E-03,-1.747110E-03,+3.133231107E+00
+83.038000E-03,-64.999998E-03,+1.267965E-03,+3.133231107E+00
+83.040000E-03,-64.999998E-03,-2.752136E-03,+3.133231107E+00
+83.042000E-03,-64.999998E-03,-2.953141E-03,+3.153331609E+00
+83.044000E-03,-266.005023E-03,-1.345100E-03,+3.173432111E+00
+83.046000E-03,-64.999998E-03,+1.569472E-03,+3.153331609E+00
+83.048000E-03,-266.005023E-03,-1.144095E-03,+3.173432111E+00
+83.050000E-03,-64.999998E-03,-742.085E-06,+3.153331609E+00
+83.052000E-03,-64.999998E-03,+463.945E-06,+3.133231107E+00
+83.054000E-03,-64.999998E-03,-38.568E-06,+3.153331610E+00
+83.056000E-03,-64.999998E-03,-139.070E-06,+3.173432111E+00
+83.058000E-03,-64.999998E-03,+765.452E-06,+3.153331609E+00
+83.060000E-03,-64.999998E-03,+463.945E-06,+3.173432111E+00
+83.062000E-03,-64.999998E-03,+1.468970E-03,+3.133231107E+00
+83.064000E-03,-64.999998E-03,-742.085E-06,+3.133231107E+00
+83.066000E-03,-266.005024E-03,-38.568E-06,+3.133231107E+00
+83.068000E-03,-64.999998E-03,-139.070E-06,+3.093030103E+00
+83.070000E-03,-64.999998E-03,-943.090E-06,+3.133231107E+00
+83.072000E-03,-266.005023E-03,+1.267965E-03,+3.133231107E+00
+83.074000E-03,-64.999998E-03,+463.945E-06,+3.153331610E+00
+83.076000E-03,-64.999998E-03,+1.267965E-03,+3.133231107E+00
+83.078000E-03,-64.999998E-03,-742.085E-06,+3.133231107E+00
+83.080000E-03,-64.999998E-03,+61.935E-06,+3.133231107E+00
+83.082000E-03,-165.502509E-03,-139.070E-06,+3.153331609E+00
+83.084000E-03,-64.999998E-03,-340.075E-06,+3.133231108E+00
+83.086000E-03,-64.999998E-03,-340.075E-06,+3.133231107E+00
+83.088000E-03,-64.999999E-03,+1.267965E-03,+3.133231107E+00
+83.090000E-03,-64.999998E-03,+664.950E-06,+3.153331610E+00
+83.092000E-03,-266.005022E-03,-1.546105E-03,+3.133231107E+00
+83.094000E-03,-64.999998E-03,-1.546105E-03,+3.133231107E+00
+83.096000E-03,-266.005022E-03,+1.870980E-03,+3.133231107E+00
+83.098000E-03,-64.999998E-03,+262.940E-06,+3.153331609E+00
+83.100000E-03,-64.999999E-03,+2.071985E-03,+3.133231108E+00
+83.102000E-03,-64.999998E-03,-3.656658E-03,+3.133231107E+00
+83.104000E-03,-64.999998E-03,-943.090E-06,+3.133231107E+00
+83.106000E-03,-165.502509E-03,-1.144095E-03,+3.133231107E+00
+83.108000E-03,-64.999998E-03,+865.955E-06,+3.133231107E+00
+83.110000E-03,-64.999998E-03,-541.080E-06,+3.153331610E+00
+83.112000E-03,-65.000000E-03,+61.935E-06,+3.173432111E+00
+83.114000E-03,-64.999998E-03,-1.948115E-03,+3.133231107E+00
+83.116000E-03,-64.999998E-03,+664.950E-06,+3.133231107E+00
+83.118000E-03,-64.999998E-03,-842.588E-06,+3.153331609E+00
+83.120000E-03,-64.999998E-03,+1.066960E-03,+3.173432111E+00
+83.122000E-03,-64.999998E-03,+1.066960E-03,+3.153331609E+00
+83.124000E-03,-64.999998E-03,+463.945E-06,+3.133231107E+00
+83.126000E-03,-165.502509E-03,-38.568E-06,+3.133231107E+00
+83.128000E-03,-64.999998E-03,-1.345100E-03,+3.133231107E+00
+83.130000E-03,-64.999998E-03,-1.747110E-03,+3.133231107E+00
+83.132000E-03,-64.999998E-03,+1.267965E-03,+3.173432111E+00
+83.134000E-03,-64.999998E-03,+564.447E-06,+3.153331610E+00
+83.136000E-03,-64.999998E-03,+664.950E-06,+3.133231107E+00
+83.138000E-03,-165.502513E-03,+1.368467E-03,+3.153331610E+00
+83.140000E-03,-266.005022E-03,+2.272990E-03,+3.133231108E+00
+83.142000E-03,-64.999998E-03,-1.144095E-03,+3.153331609E+00
+83.144000E-03,-266.005022E-03,-340.075E-06,+3.133231108E+00
+83.146000E-03,-64.999998E-03,+865.955E-06,+3.133231107E+00
+83.148000E-03,-64.999998E-03,+61.935E-06,+3.133231107E+00
+83.150000E-03,-165.502509E-03,-742.085E-06,+3.133231107E+00
+83.152000E-03,-64.999998E-03,-1.144095E-03,+3.133231107E+00
+83.154000E-03,-64.999998E-03,-1.445603E-03,+3.153331610E+00
+83.156000E-03,-65.000000E-03,-1.144095E-03,+3.133231107E+00
+83.158000E-03,-64.999998E-03,+463.945E-06,+3.153331609E+00
+83.160000E-03,-65.000000E-03,-340.075E-06,+3.133231107E+00
+83.162000E-03,-165.502513E-03,+61.935E-06,+3.133231107E+00
+83.164000E-03,-64.999998E-03,-340.075E-06,+3.133231107E+00
+83.166000E-03,-165.502513E-03,+564.447E-06,+3.173432112E+00
+83.168000E-03,-64.999998E-03,+463.945E-06,+3.133231107E+00
+83.170000E-03,-64.999998E-03,-1.646608E-03,+3.173432112E+00
+83.172000E-03,-64.999998E-03,-1.747110E-03,+3.133231107E+00
+83.174000E-03,-64.999998E-03,+463.945E-06,+3.153331610E+00
+83.176000E-03,-65.000000E-03,-943.090E-06,+3.173432111E+00
+83.178000E-03,-165.502513E-03,+363.442E-06,+3.133231107E+00
+83.180000E-03,-64.999998E-03,-340.075E-06,+3.173432112E+00
+83.182000E-03,-165.502509E-03,-742.085E-06,+3.173432112E+00
+83.184000E-03,-64.999998E-03,-1.144095E-03,+3.173432111E+00
+83.186000E-03,-64.999998E-03,-239.573E-06,+3.153331609E+00
+83.188000E-03,-64.999998E-03,-340.075E-06,+3.173432111E+00
+83.190000E-03,-165.502513E-03,-139.070E-06,+3.133231107E+00
+83.192000E-03,-64.999998E-03,+61.935E-06,+3.133231108E+00
+83.194000E-03,-64.999998E-03,-2.149120E-03,+3.153331609E+00
+83.196000E-03,-64.999998E-03,-943.090E-06,+3.173432111E+00
+83.198000E-03,-165.502508E-03,-641.583E-06,+3.153331609E+00
+83.200000E-03,-266.005024E-03,+463.945E-06,+3.133231108E+00
+83.202000E-03,-64.999998E-03,+363.442E-06,+3.153331609E+00
+83.204000E-03,-266.005024E-03,+664.950E-06,+3.173432112E+00
+83.206000E-03,-165.502514E-03,-239.573E-06,+3.153331610E+00
+83.208000E-03,-65.000000E-03,+865.955E-06,+3.173432111E+00
+83.210000E-03,-64.999998E-03,-139.070E-06,+3.153331610E+00
+83.212000E-03,-65.000000E-03,+1.267965E-03,+3.173432111E+00
+83.214000E-03,-165.502514E-03,-1.244598E-03,+3.153331609E+00
+83.216000E-03,-65.000000E-03,+1.669975E-03,+3.133231107E+00
+83.218000E-03,-64.999998E-03,+1.066960E-03,+3.153331609E+00
+83.220000E-03,-65.000000E-03,-742.085E-06,+3.173432111E+00
+83.222000E-03,-64.999998E-03,+765.452E-06,+3.153331609E+00
+83.224000E-03,-64.999998E-03,-2.551130E-03,+3.173432111E+00
+83.226000E-03,-64.999998E-03,+1.267965E-03,+3.133231107E+00
+83.228000E-03,-65.000000E-03,-2.149120E-03,+3.133231107E+00
+83.230000E-03,-64.999998E-03,+2.373493E-03,+3.133231107E+00
+83.232000E-03,-64.999998E-03,-742.085E-06,+3.133231107E+00
+83.234000E-03,-64.999998E-03,+463.945E-06,+3.153331609E+00
+83.236000E-03,-65.000000E-03,-340.075E-06,+3.173432112E+00
+83.238000E-03,-64.999998E-03,+564.447E-06,+3.153331609E+00
+83.240000E-03,+136.005026E-03,-1.144095E-03,+3.133231108E+00
+83.242000E-03,-64.999998E-03,+765.452E-06,+3.153331610E+00
+83.244000E-03,-65.000000E-03,+2.071985E-03,+3.133231107E+00
+83.246000E-03,-64.999998E-03,-239.573E-06,+3.153331609E+00
+83.248000E-03,-64.999998E-03,+1.066960E-03,+3.133231107E+00
+83.250000E-03,-165.502508E-03,-1.445603E-03,+3.133231107E+00
+83.252000E-03,-266.005024E-03,-340.075E-06,+3.133231107E+00
+83.254000E-03,-64.999998E-03,-641.583E-06,+3.153331609E+00
+83.256000E-03,-65.000000E-03,-541.080E-06,+3.133231107E+00
+83.258000E-03,-165.502508E-03,-139.070E-06,+3.153331609E+00
+83.260000E-03,-65.000000E-03,+664.950E-06,+3.133231107E+00
+83.262000E-03,-64.999998E-03,-1.144095E-03,+3.133231107E+00
+83.264000E-03,-64.999998E-03,-943.090E-06,+3.133231108E+00
+83.266000E-03,-64.999998E-03,-842.588E-06,+3.153331609E+00
+83.268000E-03,-64.999998E-03,-1.144095E-03,+3.133231107E+00
+83.270000E-03,-165.502508E-03,-440.578E-06,+3.153331610E+00
+83.272000E-03,-65.000001E-03,-340.075E-06,+3.133231107E+00
+83.274000E-03,-64.999998E-03,+765.452E-06,+3.133231107E+00
+83.276000E-03,-64.999998E-03,+262.940E-06,+3.133231107E+00
+83.278000E-03,-64.999998E-03,-541.080E-06,+3.153331609E+00
+83.280000E-03,-64.999998E-03,-1.546105E-03,+3.173432112E+00
+83.282000E-03,-64.999998E-03,+1.066960E-03,+3.153331609E+00
+83.284000E-03,-64.999998E-03,+865.955E-06,+3.173432112E+00
+83.286000E-03,-64.999998E-03,+966.457E-06,+3.153331610E+00
+83.288000E-03,-65.000001E-03,+865.955E-06,+3.133231108E+00
+83.290000E-03,-165.502514E-03,-1.244598E-03,+3.133231107E+00
+83.292000E-03,-64.999998E-03,-139.070E-06,+3.133231107E+00
+83.294000E-03,-64.999998E-03,-842.588E-06,+3.133231107E+00
+83.296000E-03,-266.005021E-03,-1.546105E-03,+3.173432111E+00
+83.298000E-03,-64.999998E-03,-1.244598E-03,+3.153331610E+00
+83.300000E-03,-64.999998E-03,-1.144095E-03,+3.133231107E+00
+83.302000E-03,-64.999998E-03,-1.747110E-03,+3.133231107E+00
+83.304000E-03,-64.999998E-03,-139.070E-06,+3.133231108E+00
+83.306000E-03,-165.502514E-03,-139.070E-06,+3.133231107E+00
+83.308000E-03,-64.999998E-03,+262.940E-06,+3.173432111E+00
+83.310000E-03,-64.999998E-03,+463.945E-06,+3.133231107E+00
+83.312000E-03,-64.999998E-03,-1.144095E-03,+3.133231107E+00
+83.314000E-03,-64.999998E-03,-239.573E-06,+3.133231107E+00
+83.316000E-03,-65.000001E-03,-1.948115E-03,+3.133231108E+00
+83.318000E-03,-64.999998E-03,-541.080E-06,+3.133231107E+00
+83.320000E-03,-65.000001E-03,+463.945E-06,+3.173432111E+00
+83.322000E-03,-64.999998E-03,-1.646608E-03,+3.133231107E+00
+83.324000E-03,-266.005021E-03,+3.479020E-03,+3.133231108E+00
+83.326000E-03,-266.005024E-03,+61.935E-06,+3.153331610E+00
+83.328000E-03,-65.000001E-03,-139.070E-06,+3.133231108E+00
+83.330000E-03,-165.502508E-03,+1.066960E-03,+3.133231107E+00
+83.332000E-03,-266.005024E-03,+463.945E-06,+3.173432111E+00
+83.334000E-03,-64.999998E-03,+865.955E-06,+3.133231107E+00
+83.336000E-03,-64.999998E-03,+1.870980E-03,+3.133231107E+00
+83.338000E-03,-64.999998E-03,-1.043593E-03,+3.173432112E+00
+83.340000E-03,-266.005021E-03,+1.267965E-03,+3.133231107E+00
+83.342000E-03,-64.999998E-03,-38.568E-06,+3.133231107E+00
+83.344000E-03,-65.000001E-03,+865.955E-06,+3.133231108E+00
+83.346000E-03,-64.999998E-03,+1.368467E-03,+3.133231107E+00
+83.348000E-03,-266.005021E-03,-541.080E-06,+3.133231107E+00
+83.350000E-03,-165.502514E-03,+61.935E-06,+3.153331609E+00
+83.352000E-03,-64.999998E-03,+1.267965E-03,+3.133231107E+00
+83.354000E-03,-64.999998E-03,+865.955E-06,+3.153331609E+00
+83.356000E-03,-64.999998E-03,-1.546105E-03,+3.133231107E+00
+83.358000E-03,-64.999998E-03,-2.450628E-03,+3.153331610E+00
+83.360000E-03,-266.005021E-03,-1.345100E-03,+3.173432112E+00
+83.362000E-03,-64.999998E-03,-541.080E-06,+3.133231107E+00
+83.364000E-03,-64.999998E-03,-1.345100E-03,+3.173432111E+00
+83.366000E-03,-64.999998E-03,-440.578E-06,+3.153331610E+00
+83.368000E-03,-266.005021E-03,-1.546105E-03,+3.173432112E+00
+83.370000E-03,-64.999998E-03,-742.085E-06,+3.153331610E+00
+83.372000E-03,-64.999998E-03,-340.075E-06,+3.133231107E+00
+83.374000E-03,-64.999998E-03,-1.043593E-03,+3.133231107E+00
+83.376000E-03,-64.999998E-03,-139.070E-06,+3.173432112E+00
+83.378000E-03,-64.999998E-03,-1.244598E-03,+3.153331609E+00
+83.380000E-03,-64.999998E-03,-541.080E-06,+3.133231108E+00
+83.382000E-03,-165.502515E-03,-1.445603E-03,+3.153331610E+00
+83.384000E-03,-266.005021E-03,-742.085E-06,+3.133231108E+00
+83.386000E-03,-165.502515E-03,+1.569472E-03,+3.153331610E+00
+83.388000E-03,-65.000001E-03,+463.945E-06,+3.133231108E+00
+83.390000E-03,-64.999998E-03,+162.437E-06,+3.153331610E+00
+83.392000E-03,-64.999998E-03,+664.950E-06,+3.133231108E+00
+83.394000E-03,-64.999998E-03,+564.447E-06,+3.153331609E+00
+83.396000E-03,-64.999998E-03,-340.075E-06,+3.173432112E+00
+83.398000E-03,-64.999998E-03,-1.043593E-03,+3.133231107E+00
+83.400000E-03,-65.000001E-03,-139.070E-06,+3.173432112E+00
+83.402000E-03,-64.999998E-03,+262.940E-06,+3.133231107E+00
+83.404000E-03,-64.999998E-03,-2.551130E-03,+3.133231107E+00
+83.406000E-03,-64.999998E-03,-541.080E-06,+3.153331609E+00
+83.408000E-03,-64.999998E-03,+664.950E-06,+3.173432112E+00
+83.410000E-03,-165.502515E-03,-440.578E-06,+3.173432112E+00
+83.412000E-03,-64.999998E-03,+61.935E-06,+3.133231107E+00
+83.414000E-03,-64.999998E-03,-1.043593E-03,+3.153331610E+00
+83.416000E-03,-266.005020E-03,-1.345100E-03,+3.133231107E+00
+83.418000E-03,-165.502515E-03,-440.578E-06,+3.133231107E+00
+83.420000E-03,-64.999998E-03,+463.945E-06,+3.173432111E+00
+83.422000E-03,+35.502512E-03,-1.646608E-03,+3.133231107E+00
+83.424000E-03,-65.000002E-03,-541.080E-06,+3.173432112E+00
+83.426000E-03,-165.502515E-03,-2.149120E-03,+3.133231107E+00
+83.428000E-03,-64.999998E-03,-340.075E-06,+3.133231107E+00
+83.430000E-03,-64.999998E-03,-541.080E-06,+3.153331610E+00
+83.432000E-03,-266.005020E-03,+463.945E-06,+3.173432111E+00
+83.434000E-03,-64.999998E-03,+1.569472E-03,+3.133231107E+00
+83.436000E-03,-64.999998E-03,+3.278015E-03,+3.173432111E+00
+83.438000E-03,-64.999998E-03,+61.935E-06,+3.153331610E+00
+83.440000E-03,+136.005021E-03,-139.070E-06,+3.133231108E+00
+83.442000E-03,-165.502515E-03,+363.442E-06,+3.133231107E+00
+83.444000E-03,-266.005020E-03,+1.267965E-03,+3.173432111E+00
+83.446000E-03,-165.502515E-03,+463.945E-06,+3.173432112E+00
+83.448000E-03,-64.999998E-03,+1.468970E-03,+3.133231107E+00
+83.450000E-03,-165.502507E-03,-38.568E-06,+3.153331610E+00
+83.452000E-03,-65.000002E-03,-541.080E-06,+3.173432111E+00
+83.454000E-03,-64.999998E-03,-641.583E-06,+3.153331609E+00
+83.456000E-03,-266.005024E-03,-139.070E-06,+3.133231107E+00
+83.458000E-03,-165.502515E-03,+61.935E-06,+3.133231107E+00
+83.460000E-03,-64.999998E-03,-1.345100E-03,+3.133231107E+00
+83.462000E-03,-165.502515E-03,-742.085E-06,+3.153331609E+00
+83.464000E-03,-64.999998E-03,-1.546105E-03,+3.133231107E+00
+83.466000E-03,-165.502507E-03,-1.445603E-03,+3.153331609E+00
+83.468000E-03,-266.005020E-03,-1.144095E-03,+3.133231107E+00
+83.470000E-03,-64.999998E-03,+1.066960E-03,+3.133231107E+00
+83.472000E-03,-64.999998E-03,-1.144095E-03,+3.133231108E+00
+83.474000E-03,-64.999998E-03,-842.588E-06,+3.133231107E+00
+83.476000E-03,-64.999998E-03,+664.950E-06,+3.173432111E+00
+83.478000E-03,-165.502515E-03,-742.085E-06,+3.153331609E+00
+83.480000E-03,-64.999998E-03,-541.080E-06,+3.133231107E+00
+83.482000E-03,-64.999998E-03,-641.583E-06,+3.133231107E+00
+83.484000E-03,-64.999998E-03,+61.935E-06,+3.133231107E+00
+83.486000E-03,-64.999998E-03,+162.437E-06,+3.153331609E+00
+83.488000E-03,-64.999998E-03,-139.070E-06,+3.173432111E+00
+83.490000E-03,-64.999998E-03,-1.646608E-03,+3.133231107E+00
+83.492000E-03,-266.005020E-03,+1.267965E-03,+3.133231107E+00
+83.494000E-03,-64.999998E-03,-1.244598E-03,+3.133231107E+00
+83.496000E-03,-65.000002E-03,-1.144095E-03,+3.173432111E+00
+83.498000E-03,-165.502507E-03,+262.940E-06,+3.153331610E+00
+83.500000E-03,-64.999998E-03,-742.085E-06,+3.133231108E+00
+83.502000E-03,-64.999998E-03,-1.747110E-03,+3.153331609E+00
+83.504000E-03,-266.005020E-03,+1.468970E-03,+3.133231107E+00
+83.506000E-03,-64.999998E-03,-541.080E-06,+3.153331609E+00
+83.508000E-03,-266.005020E-03,+262.940E-06,+3.133231107E+00
+83.510000E-03,-64.999998E-03,+1.066960E-03,+3.193532613E+00
+83.512000E-03,-64.999998E-03,+664.950E-06,+3.133231107E+00
+83.514000E-03,-266.005024E-03,+363.442E-06,+3.133231107E+00
+83.516000E-03,-65.000002E-03,-340.075E-06,+3.173432111E+00
+83.518000E-03,-64.999998E-03,+162.437E-06,+3.153331610E+00
+83.520000E-03,-64.999998E-03,-943.090E-06,+3.133231107E+00
+83.522000E-03,-64.999998E-03,-842.588E-06,+3.133231107E+00
+83.524000E-03,-266.005024E-03,+463.945E-06,+3.133231107E+00
+83.526000E-03,-64.999998E-03,+463.945E-06,+3.133231107E+00
+83.528000E-03,-266.005020E-03,+61.935E-06,+3.133231107E+00
+83.530000E-03,-64.999998E-03,-1.546105E-03,+3.173432112E+00
+83.532000E-03,-65.000002E-03,-139.070E-06,+3.173432111E+00
+83.534000E-03,-64.999998E-03,-239.573E-06,+3.153331609E+00
+83.536000E-03,-64.999998E-03,-541.080E-06,+3.133231107E+00
+83.538000E-03,-64.999998E-03,-239.573E-06,+3.153331610E+00
+83.540000E-03,-64.999998E-03,+1.267965E-03,+3.173432112E+00
+83.542000E-03,-165.502516E-03,-943.090E-06,+3.173432112E+00
+83.544000E-03,-266.005020E-03,-742.085E-06,+3.133231107E+00
+83.546000E-03,-64.999998E-03,-3.355151E-03,+3.133231107E+00
+83.548000E-03,-64.999998E-03,+2.675000E-03,+3.173432111E+00
+83.550000E-03,-165.502516E-03,+1.167462E-03,+3.133231107E+00
+83.552000E-03,-64.999998E-03,-340.075E-06,+3.133231107E+00
+83.554000E-03,-64.999998E-03,+1.066960E-03,+3.153331610E+00
+83.556000E-03,-64.999998E-03,+2.675000E-03,+3.133231107E+00
+83.558000E-03,-64.999998E-03,+2.876005E-03,+3.173432112E+00
+83.560000E-03,-266.005024E-03,-1.546105E-03,+3.133231107E+00
+83.562000E-03,-165.502506E-03,+3.579523E-03,+3.133231107E+00
+83.564000E-03,-64.999998E-03,+61.935E-06,+3.133231107E+00
+83.566000E-03,-64.999998E-03,+1.066960E-03,+3.153331608E+00
+83.568000E-03,-64.999998E-03,-340.075E-06,+3.133231107E+00
+83.570000E-03,-165.502506E-03,+61.935E-06,+3.153331610E+00
+83.572000E-03,-64.999998E-03,-1.144095E-03,+3.133231108E+00
+83.574000E-03,-64.999998E-03,-239.573E-06,+3.193532615E+00
+83.576000E-03,-64.999998E-03,+865.955E-06,+3.133231108E+00
+83.578000E-03,-165.502516E-03,-239.573E-06,+3.133231107E+00
+83.580000E-03,-64.999998E-03,+1.066960E-03,+3.133231108E+00
+83.582000E-03,-64.999998E-03,+162.437E-06,+3.133231107E+00
+83.584000E-03,-65.000003E-03,+664.950E-06,+3.173432111E+00
+83.586000E-03,-64.999998E-03,-2.651633E-03,+3.153331608E+00
+83.588000E-03,-64.999998E-03,-1.747110E-03,+3.133231107E+00
+83.590000E-03,-64.999998E-03,-641.583E-06,+3.133231107E+00
+83.592000E-03,-64.999998E-03,-1.948115E-03,+3.133231107E+00
+83.594000E-03,-165.502516E-03,-139.070E-06,+3.153331610E+00
+83.596000E-03,-65.000003E-03,-1.144095E-03,+3.173432111E+00
+83.598000E-03,-64.999998E-03,-943.090E-06,+3.173432112E+00
+83.600000E-03,-266.005019E-03,+865.955E-06,+3.133231108E+00
+83.602000E-03,-64.999998E-03,-2.450628E-03,+3.153331608E+00
+83.604000E-03,-65.000003E-03,+865.955E-06,+3.173432112E+00
+83.606000E-03,-64.999998E-03,-641.583E-06,+3.153331610E+00
+83.608000E-03,-64.999998E-03,+2.473995E-03,+3.133231107E+00
+83.610000E-03,-64.999998E-03,-38.568E-06,+3.133231107E+00
+83.612000E-03,-64.999998E-03,+664.950E-06,+3.133231107E+00
+83.614000E-03,-64.999998E-03,+765.452E-06,+3.153331608E+00
+83.616000E-03,-64.999998E-03,+262.940E-06,+3.133231108E+00
+83.618000E-03,-64.999998E-03,+1.468970E-03,+3.153331608E+00
+83.620000E-03,-65.000003E-03,+61.935E-06,+3.133231108E+00
+83.622000E-03,-64.999998E-03,+664.950E-06,+3.133231107E+00
+83.624000E-03,+136.005024E-03,-541.080E-06,+3.133231107E+00
+83.626000E-03,-64.999998E-03,-1.345100E-03,+3.133231107E+00
+83.628000E-03,-65.000003E-03,-541.080E-06,+3.133231108E+00
+83.630000E-03,-165.502516E-03,-1.847613E-03,+3.153331608E+00
+83.632000E-03,-65.000003E-03,-2.350125E-03,+3.133231107E+00
+83.634000E-03,-64.999998E-03,-38.568E-06,+3.153331610E+00
+83.636000E-03,-64.999998E-03,-1.546105E-03,+3.133231107E+00
+83.638000E-03,-165.502506E-03,-2.149120E-03,+3.113130606E+00
+83.640000E-03,-64.999998E-03,-2.149120E-03,+3.133231108E+00
+83.642000E-03,-64.999998E-03,+966.457E-06,+3.153331608E+00
+83.644000E-03,-64.999998E-03,+262.940E-06,+3.133231107E+00
+83.646000E-03,-64.999998E-03,-38.568E-06,+3.153331608E+00
+83.648000E-03,-64.999998E-03,-943.090E-06,+3.173432111E+00
+83.650000E-03,-165.502516E-03,+966.457E-06,+3.153331611E+00
+83.652000E-03,-64.999998E-03,+1.468970E-03,+3.133231107E+00
+83.654000E-03,-165.502506E-03,-1.646608E-03,+3.133231107E+00
+83.656000E-03,-266.005024E-03,-1.144095E-03,+3.173432112E+00
+83.658000E-03,-165.502516E-03,-2.852638E-03,+3.153331611E+00
+83.660000E-03,-65.000003E-03,-1.345100E-03,+3.133231107E+00
+83.662000E-03,-64.999998E-03,-38.568E-06,+3.153331611E+00
+83.664000E-03,-65.000003E-03,+664.950E-06,+3.133231108E+00
+83.666000E-03,-64.999998E-03,-139.070E-06,+3.133231107E+00
+83.668000E-03,-64.999998E-03,+61.935E-06,+3.173432111E+00
+83.670000E-03,+35.502510E-03,-38.568E-06,+3.153331608E+00
+83.672000E-03,-64.999998E-03,-1.144095E-03,+3.133231108E+00
+83.674000E-03,-64.999998E-03,-1.847613E-03,+3.153331608E+00
+83.676000E-03,-64.999998E-03,-541.080E-06,+3.173432112E+00
+83.678000E-03,-165.502505E-03,-1.244598E-03,+3.133231107E+00
+83.680000E-03,-266.005019E-03,+262.940E-06,+3.133231107E+00
+83.682000E-03,-64.999998E-03,+463.945E-06,+3.153331611E+00
+83.684000E-03,-64.999998E-03,-139.070E-06,+3.133231108E+00
+83.686000E-03,-165.502517E-03,+1.569472E-03,+3.133231107E+00
+83.688000E-03,-266.005024E-03,-2.149120E-03,+3.133231107E+00
+83.690000E-03,-64.999998E-03,+865.955E-06,+3.153331608E+00
+83.692000E-03,-64.999998E-03,+865.955E-06,+3.173432111E+00
+83.694000E-03,-266.005024E-03,-1.043593E-03,+3.153331608E+00
+83.696000E-03,-64.999998E-03,-943.090E-06,+3.133231107E+00
+83.698000E-03,-64.999998E-03,-1.144095E-03,+3.133231107E+00
+83.700000E-03,-266.005019E-03,-139.070E-06,+3.133231107E+00
+83.702000E-03,-266.005024E-03,-742.085E-06,+3.133231107E+00
+83.704000E-03,-266.005019E-03,-340.075E-06,+3.133231107E+00
+83.706000E-03,-64.999998E-03,+1.770478E-03,+3.153331608E+00
+83.708000E-03,-64.999998E-03,-541.080E-06,+3.173432111E+00
+83.710000E-03,-165.502505E-03,-641.583E-06,+3.133231107E+00
+83.712000E-03,-266.005024E-03,-541.080E-06,+3.173432112E+00
+83.714000E-03,-64.999998E-03,-842.588E-06,+3.133231107E+00
+83.716000E-03,-65.000003E-03,+2.473995E-03,+3.133231107E+00
+83.718000E-03,-64.999998E-03,-1.546105E-03,+3.133231107E+00
+83.720000E-03,-266.005019E-03,+61.935E-06,+3.133231107E+00
+83.722000E-03,-64.999998E-03,-943.090E-06,+3.173432112E+00
+83.724000E-03,-64.999998E-03,-943.090E-06,+3.173432112E+00
+83.726000E-03,-165.502517E-03,+1.267965E-03,+3.153331608E+00
+83.728000E-03,-64.999998E-03,-742.085E-06,+3.173432112E+00
+83.730000E-03,-165.502505E-03,+363.442E-06,+3.153331611E+00
+83.732000E-03,-266.005018E-03,-340.075E-06,+3.173432111E+00
+83.734000E-03,-64.999998E-03,-1.043593E-03,+3.153331608E+00
+83.736000E-03,-64.999998E-03,+262.940E-06,+3.173432112E+00
+83.738000E-03,-64.999998E-03,-1.546105E-03,+3.173432112E+00
+83.740000E-03,-266.005018E-03,-1.747110E-03,+3.173432111E+00
+83.742000E-03,-64.999998E-03,-440.578E-06,+3.153331608E+00
+83.744000E-03,-65.000004E-03,+262.940E-06,+3.133231107E+00
+83.746000E-03,-64.999998E-03,+564.447E-06,+3.153331611E+00
+83.748000E-03,-65.000004E-03,+262.940E-06,+3.133231107E+00
+83.750000E-03,-64.999998E-03,-943.090E-06,+3.133231107E+00
+83.752000E-03,-64.999998E-03,-1.345100E-03,+3.173432111E+00
+83.754000E-03,-64.999998E-03,-943.090E-06,+3.153331608E+00
+83.756000E-03,-65.000004E-03,-742.085E-06,+3.133231107E+00
+83.758000E-03,-64.999998E-03,+865.955E-06,+3.153331608E+00
+83.760000E-03,-64.999998E-03,-340.075E-06,+3.173432112E+00
+83.762000E-03,-165.502517E-03,-440.578E-06,+3.173432112E+00
+83.764000E-03,-64.999998E-03,-541.080E-06,+3.133231107E+00
+83.766000E-03,-64.999998E-03,-38.568E-06,+3.133231107E+00
+83.768000E-03,-64.999998E-03,-2.149120E-03,+3.133231107E+00
+83.770000E-03,-165.502517E-03,+2.172488E-03,+3.133231107E+00
+83.772000E-03,-266.005024E-03,-943.090E-06,+3.133231107E+00
+83.774000E-03,-165.502517E-03,-1.546105E-03,+3.173432112E+00
+83.776000E-03,-64.999998E-03,-139.070E-06,+3.173432112E+00
+83.778000E-03,-64.999998E-03,+2.272990E-03,+3.153331608E+00
+83.780000E-03,-65.000004E-03,+262.940E-06,+3.133231107E+00
+83.782000E-03,-64.999998E-03,-842.588E-06,+3.133231107E+00
+83.784000E-03,-64.999998E-03,+262.940E-06,+3.133231107E+00
+83.786000E-03,-64.999998E-03,+1.167462E-03,+3.153331611E+00
+83.788000E-03,-64.999998E-03,-943.090E-06,+3.133231108E+00
+83.790000E-03,-64.999998E-03,-742.085E-06,+3.153331608E+00
+83.792000E-03,-266.005024E-03,-541.080E-06,+3.133231107E+00
+83.794000E-03,-64.999998E-03,-340.075E-06,+3.133231107E+00
+83.796000E-03,-64.999998E-03,-1.144095E-03,+3.133231107E+00
+83.798000E-03,-64.999998E-03,-1.546105E-03,+3.133231107E+00
+83.800000E-03,-64.999998E-03,-1.144095E-03,+3.133231107E+00
+83.802000E-03,-64.999998E-03,+1.669975E-03,+3.153331608E+00
+83.804000E-03,-64.999998E-03,-1.345100E-03,+3.173432112E+00
+83.806000E-03,-64.999998E-03,-1.244598E-03,+3.133231107E+00
+83.808000E-03,-64.999998E-03,-1.948115E-03,+3.133231107E+00
+83.810000E-03,-64.999998E-03,-1.144095E-03,+3.153331611E+00
+83.812000E-03,-64.999998E-03,+61.935E-06,+3.133231108E+00
+83.814000E-03,-64.999998E-03,-842.588E-06,+3.153331611E+00
+83.816000E-03,-266.005018E-03,+1.066960E-03,+3.133231108E+00
+83.818000E-03,-64.999998E-03,-340.075E-06,+3.153331608E+00
+83.820000E-03,-64.999998E-03,-1.144095E-03,+3.133231107E+00
+83.822000E-03,-64.999998E-03,+966.457E-06,+3.153331611E+00
+83.824000E-03,-64.999998E-03,+3.680025E-03,+3.133231107E+00
+83.826000E-03,-165.502517E-03,+1.468970E-03,+3.133231107E+00
+83.828000E-03,-65.000004E-03,+1.066960E-03,+3.133231107E+00
+83.830000E-03,-165.502504E-03,+564.447E-06,+3.133231107E+00
+83.832000E-03,-64.999998E-03,+1.267965E-03,+3.133231107E+00
+83.834000E-03,-64.999998E-03,+1.267965E-03,+3.153331611E+00
+83.836000E-03,-64.999998E-03,+262.940E-06,+3.133231107E+00
+83.838000E-03,-64.999998E-03,-38.568E-06,+3.153331608E+00
+83.840000E-03,-266.005018E-03,-742.085E-06,+3.133231108E+00
+83.842000E-03,-64.999998E-03,+966.457E-06,+3.153331608E+00
+83.844000E-03,-266.005024E-03,-541.080E-06,+3.133231108E+00
+83.846000E-03,-165.502518E-03,-2.852638E-03,+3.133231107E+00
+83.848000E-03,-266.005024E-03,-340.075E-06,+3.133231107E+00
+83.850000E-03,-64.999998E-03,+1.569472E-03,+3.153331611E+00
+83.852000E-03,-64.999998E-03,-1.546105E-03,+3.173432110E+00
+83.854000E-03,-165.502518E-03,-1.345100E-03,+3.133231107E+00
+83.856000E-03,-64.999998E-03,-943.090E-06,+3.173432110E+00
+83.858000E-03,-266.005024E-03,-2.450628E-03,+3.153331608E+00
+83.860000E-03,-64.999998E-03,+865.955E-06,+3.133231107E+00
+83.862000E-03,-64.999998E-03,+262.940E-06,+3.133231107E+00
+83.864000E-03,-64.999998E-03,+61.935E-06,+3.173432110E+00
+83.866000E-03,-64.999998E-03,-842.588E-06,+3.133231107E+00
+83.868000E-03,-64.999998E-03,+1.669975E-03,+3.173432112E+00
+83.870000E-03,-165.502504E-03,-38.568E-06,+3.133231107E+00
+83.872000E-03,-64.999998E-03,+865.955E-06,+3.173432110E+00
+83.874000E-03,-64.999998E-03,-641.583E-06,+3.173432112E+00
+83.876000E-03,-64.999998E-03,-541.080E-06,+3.173432110E+00
+83.878000E-03,-64.999998E-03,+865.955E-06,+3.133231107E+00
+83.880000E-03,-65.000004E-03,+2.071985E-03,+3.133231107E+00
+83.882000E-03,-64.999998E-03,+1.669975E-03,+3.133231107E+00
+83.884000E-03,-64.999998E-03,+262.940E-06,+3.133231109E+00
+83.886000E-03,-64.999998E-03,+865.955E-06,+3.153331608E+00
+83.888000E-03,-266.005017E-03,+1.669975E-03,+3.133231107E+00
+83.890000E-03,-64.999998E-03,+1.368467E-03,+3.153331611E+00
+83.892000E-03,-65.000004E-03,-541.080E-06,+3.173432110E+00
+83.894000E-03,-64.999998E-03,+262.940E-06,+3.173432112E+00
+83.896000E-03,-64.999998E-03,-1.546105E-03,+3.133231107E+00
+83.898000E-03,-64.999998E-03,-1.445603E-03,+3.133231107E+00
+83.900000E-03,-64.999998E-03,-541.080E-06,+3.133231109E+00
+83.902000E-03,-165.502518E-03,-641.583E-06,+3.133231107E+00
+83.904000E-03,-64.999998E-03,-1.948115E-03,+3.173432112E+00
+83.906000E-03,-64.999998E-03,-1.345100E-03,+3.153331608E+00
+83.908000E-03,-64.999998E-03,-1.546105E-03,+3.133231107E+00
+83.910000E-03,-64.999998E-03,-641.583E-06,+3.133231107E+00
+83.912000E-03,-65.000005E-03,+463.945E-06,+3.133231107E+00
+83.914000E-03,-64.999998E-03,-2.249623E-03,+3.173432112E+00
+83.916000E-03,-65.000005E-03,-1.948115E-03,+3.173432112E+00
+83.918000E-03,-64.999998E-03,-1.747110E-03,+3.133231107E+00
+83.920000E-03,-64.999998E-03,-340.075E-06,+3.173432112E+00
+83.922000E-03,-64.999998E-03,+1.066960E-03,+3.133231107E+00
+83.924000E-03,-64.999998E-03,+61.935E-06,+3.173432110E+00
+83.926000E-03,-64.999998E-03,-742.085E-06,+3.133231107E+00
+83.928000E-03,-64.999998E-03,+1.870980E-03,+3.133231107E+00
+83.930000E-03,-165.502504E-03,-440.578E-06,+3.133231107E+00
+83.932000E-03,-64.999998E-03,+1.267965E-03,+3.133231107E+00
+83.934000E-03,-165.502504E-03,+865.955E-06,+3.153331608E+00
+83.936000E-03,-64.999998E-03,+1.468970E-03,+3.133231107E+00
+83.938000E-03,-64.999998E-03,-2.048618E-03,+3.153331608E+00
+83.940000E-03,-65.000005E-03,-943.090E-06,+3.133231107E+00
+83.942000E-03,-64.999998E-03,+1.167462E-03,+3.133231107E+00
+83.944000E-03,-65.000005E-03,-943.090E-06,+3.133231109E+00
+83.946000E-03,-165.502518E-03,-641.583E-06,+3.133231107E+00
+83.948000E-03,-64.999998E-03,-742.085E-06,+3.173432112E+00
+83.950000E-03,-266.005024E-03,+262.940E-06,+3.153331608E+00
+83.952000E-03,-64.999998E-03,+262.940E-06,+3.173432110E+00
+83.954000E-03,-165.502504E-03,-1.445603E-03,+3.153331608E+00
+83.956000E-03,-64.999998E-03,-1.345100E-03,+3.133231109E+00
+83.958000E-03,-64.999998E-03,-2.249623E-03,+3.133231107E+00
+83.960000E-03,-64.999998E-03,-2.752136E-03,+3.173432110E+00
+83.962000E-03,-64.999998E-03,-2.249623E-03,+3.133231107E+00
+83.964000E-03,-64.999998E-03,-2.752135E-03,+3.173432110E+00
+83.966000E-03,-64.999998E-03,+363.442E-06,+3.133231107E+00
+83.968000E-03,-64.999998E-03,-943.090E-06,+3.173432110E+00
+83.970000E-03,-165.502518E-03,-139.070E-06,+3.153331608E+00
+83.972000E-03,-64.999998E-03,-541.080E-06,+3.173432112E+00
+83.974000E-03,-64.999998E-03,-340.075E-06,+3.153331611E+00
+83.976000E-03,-64.999998E-03,+1.267965E-03,+3.133231107E+00
+83.978000E-03,-165.502518E-03,-239.573E-06,+3.153331608E+00
+83.980000E-03,-64.999998E-03,+664.950E-06,+3.133231107E+00
+83.982000E-03,-64.999998E-03,+1.066960E-03,+3.153331611E+00
+83.984000E-03,-65.000005E-03,+1.066960E-03,+3.133231107E+00
+83.986000E-03,-64.999998E-03,+61.935E-06,+3.133231107E+00
+83.988000E-03,-65.000005E-03,+1.267965E-03,+3.173432110E+00
+83.990000E-03,-64.999998E-03,+1.167462E-03,+3.133231107E+00
+83.992000E-03,-64.999998E-03,+865.955E-06,+3.133231109E+00
+83.994000E-03,-165.502503E-03,+1.167462E-03,+3.153331611E+00
+83.996000E-03,-64.999998E-03,+3.278015E-03,+3.133231107E+00
+83.998000E-03,-266.005024E-03,+1.267965E-03,+3.133231107E+00
+84.000000E-03,-65.000005E-03,-139.070E-06,+3.173432110E+00
+84.002000E-03,-64.999998E-03,+1.267965E-03,+3.153331611E+00
+84.004000E-03,-64.999998E-03,+1.066960E-03,+3.133231107E+00
+84.006000E-03,+35.502523E-03,-1.445603E-03,+3.153331611E+00
+84.008000E-03,-64.999998E-03,-1.747110E-03,+3.133231107E+00
+84.010000E-03,-64.999998E-03,-1.747110E-03,+3.153331611E+00
+84.012000E-03,-266.005017E-03,+262.940E-06,+3.133231109E+00
+84.014000E-03,-165.502503E-03,-1.747110E-03,+3.133231107E+00
+84.016000E-03,-64.999998E-03,+865.955E-06,+3.133231107E+00
+84.018000E-03,-64.999998E-03,-1.948115E-03,+3.133231107E+00
+84.020000E-03,-64.999998E-03,-1.144095E-03,+3.133231109E+00
+84.022000E-03,-64.999998E-03,-3.254648E-03,+3.133231107E+00
+84.024000E-03,-266.005017E-03,+463.945E-06,+3.133231107E+00
+84.026000E-03,-64.999998E-03,+262.940E-06,+3.153331608E+00
+84.028000E-03,-64.999998E-03,-2.149120E-03,+3.133231107E+00
+84.030000E-03,-165.502519E-03,+1.368467E-03,+3.133231107E+00
+84.032000E-03,-65.000005E-03,+1.267965E-03,+3.133231107E+00
+84.034000E-03,-64.999998E-03,+564.447E-06,+3.133231107E+00
+84.036000E-03,-266.005024E-03,+865.955E-06,+3.133231107E+00
+84.038000E-03,-64.999998E-03,+2.876005E-03,+3.153331611E+00
+84.040000E-03,-65.000005E-03,+1.267965E-03,+3.173432110E+00
+84.042000E-03,-64.999998E-03,+2.071985E-03,+3.153331611E+00
+84.044000E-03,-65.000005E-03,+2.876005E-03,+3.133231107E+00
+84.046000E-03,-64.999998E-03,+765.452E-06,+3.133231107E+00
+84.048000E-03,-266.005016E-03,-139.070E-06,+3.133231109E+00
+84.050000E-03,-64.999998E-03,+1.569473E-03,+3.133231107E+00
+84.052000E-03,-64.999998E-03,-139.070E-06,+3.133231107E+00
+84.054000E-03,-64.999998E-03,-239.573E-06,+3.153331611E+00
+84.056000E-03,-64.999998E-03,+664.950E-06,+3.133231107E+00
+84.058000E-03,-64.999998E-03,+61.935E-06,+3.153331608E+00
+84.060000E-03,-64.999998E-03,-1.144095E-03,+3.133231107E+00
+84.062000E-03,-165.502503E-03,-541.080E-06,+3.133231107E+00
+84.064000E-03,-64.999998E-03,-2.752135E-03,+3.173432110E+00
+84.066000E-03,-64.999998E-03,-3.053643E-03,+3.153331611E+00
+84.068000E-03,-266.005016E-03,-3.757161E-03,+3.133231107E+00
+84.070000E-03,-64.999998E-03,-3.455653E-03,+3.153331611E+00
+84.072000E-03,-64.999998E-03,-2.149120E-03,+3.133231109E+00
+84.074000E-03,-165.502503E-03,-3.254648E-03,+3.153331608E+00
+84.076000E-03,-64.999998E-03,-943.090E-06,+3.173432110E+00
+84.078000E-03,-165.502519E-03,-1.445603E-03,+3.173432112E+00
+84.080000E-03,-64.999998E-03,-1.948115E-03,+3.133231107E+00
+84.082000E-03,-165.502503E-03,-1.144095E-03,+3.133231104E+00
+84.084000E-03,-64.999998E-03,-1.144095E-03,+3.173432110E+00
+84.086000E-03,-64.999998E-03,-340.075E-06,+3.133231107E+00
+84.088000E-03,-64.999998E-03,+61.935E-06,+3.173432112E+00
+84.090000E-03,-266.005024E-03,+1.870980E-03,+3.153331608E+00
+84.092000E-03,-64.999998E-03,+664.950E-06,+3.133231107E+00
+84.094000E-03,-64.999998E-03,+664.950E-06,+3.153331611E+00
+84.096000E-03,-64.999998E-03,+463.945E-06,+3.133231109E+00
+84.098000E-03,-165.502519E-03,+2.473995E-03,+3.153331608E+00
+84.100000E-03,-64.999998E-03,+865.955E-06,+3.173432110E+00
+84.102000E-03,-64.999998E-03,+2.876005E-03,+3.133231107E+00
+84.104000E-03,-65.000006E-03,+2.071985E-03,+3.133231107E+00
+84.106000E-03,-64.999998E-03,+1.267965E-03,+3.133231107E+00
+84.108000E-03,-65.000006E-03,+1.468970E-03,+3.173432110E+00
+84.110000E-03,-64.999998E-03,+966.457E-06,+3.153331611E+00
+84.112000E-03,-64.999998E-03,-742.085E-06,+3.133231107E+00
+84.114000E-03,-165.502503E-03,-1.244598E-03,+3.153331608E+00
+84.116000E-03,-64.999998E-03,-340.075E-06,+3.173432110E+00
+84.118000E-03,-165.502519E-03,-1.345100E-03,+3.133231107E+00
+84.120000E-03,-64.999998E-03,-943.090E-06,+3.173432110E+00
+84.122000E-03,-165.502519E-03,-2.852638E-03,+3.153331608E+00
+84.124000E-03,-65.000006E-03,-3.958166E-03,+3.133231107E+00
+84.126000E-03,-165.502519E-03,-4.058668E-03,+3.153331611E+00
+84.128000E-03,-64.999998E-03,-3.154146E-03,+3.133231107E+00
+84.130000E-03,-64.999998E-03,-3.757161E-03,+3.153331608E+00
+84.132000E-03,-65.000006E-03,-2.350125E-03,+3.133231109E+00
+84.134000E-03,-165.502503E-03,-842.588E-06,+3.133231107E+00
+84.136000E-03,-65.000006E-03,+61.935E-06,+3.133231107E+00
+84.138000E-03,-64.999998E-03,-38.568E-06,+3.153331608E+00
+84.140000E-03,-266.005016E-03,+664.950E-06,+3.133231107E+00
+84.142000E-03,-64.999998E-03,+1.368467E-03,+3.173432112E+00
+84.144000E-03,-64.999998E-03,+2.675000E-03,+3.173432110E+00
+84.146000E-03,+35.502507E-03,+2.675000E-03,+3.173432112E+00
+84.148000E-03,-64.999998E-03,+3.479020E-03,+3.133231107E+00
+84.150000E-03,-64.999998E-03,+162.437E-06,+3.153331611E+00
+84.152000E-03,-266.005016E-03,+2.876005E-03,+3.133231107E+00
+84.154000E-03,-165.502502E-03,+2.775503E-03,+3.133231107E+00
+84.156000E-03,-266.005016E-03,+3.881030E-03,+3.173432112E+00
+84.158000E-03,-64.999998E-03,+1.870980E-03,+3.153331611E+00
+84.160000E-03,-266.005024E-03,+1.267965E-03,+3.133231107E+00
+84.162000E-03,-64.999998E-03,+664.950E-06,+3.133231107E+00
+84.164000E-03,-64.999998E-03,-139.070E-06,+3.133231109E+00
+84.166000E-03,-165.502502E-03,-1.948115E-03,+3.133231107E+00
+84.168000E-03,-64.999998E-03,-541.080E-06,+3.173432112E+00
+84.170000E-03,-165.502520E-03,-2.249623E-03,+3.153331608E+00
+84.172000E-03,-65.000006E-03,-3.757161E-03,+3.133231107E+00
+84.174000E-03,-165.502502E-03,-641.583E-06,+3.153331611E+00
+84.176000E-03,-65.000006E-03,-1.546105E-03,+3.173432110E+00
+84.178000E-03,-64.999998E-03,-2.450628E-03,+3.153331611E+00
+84.180000E-03,-64.999998E-03,-3.154146E-03,+3.133231107E+00
+84.182000E-03,-165.502502E-03,-1.546105E-03,+3.153331608E+00
+84.184000E-03,-64.999998E-03,-3.154146E-03,+3.133231109E+00
+84.186000E-03,-64.999998E-03,+61.935E-06,+3.133231107E+00
+84.188000E-03,-64.999998E-03,-1.144095E-03,+3.133231109E+00
+84.190000E-03,-165.502520E-03,-239.573E-06,+3.133231107E+00
+84.192000E-03,-266.005016E-03,-340.075E-06,+3.133231107E+00
+84.194000E-03,-64.999998E-03,+61.935E-06,+3.133231107E+00
+84.196000E-03,-64.999998E-03,+1.870980E-03,+3.133231107E+00
+84.198000E-03,-64.999998E-03,-541.080E-06,+3.153331608E+00
+84.200000E-03,-266.005016E-03,+2.876005E-03,+3.173432110E+00
+84.202000E-03,-64.999998E-03,+2.373493E-03,+3.153331611E+00
+84.204000E-03,-266.005015E-03,+2.876005E-03,+3.173432112E+00
+84.206000E-03,-64.999998E-03,+664.950E-06,+3.133231107E+00
+84.208000E-03,-64.999998E-03,+262.940E-06,+3.173432112E+00
+84.210000E-03,-64.999998E-03,+2.272990E-03,+3.133231107E+00
+84.212000E-03,+136.005020E-03,+2.071985E-03,+3.173432112E+00
+84.214000E-03,-64.999998E-03,-1.747110E-03,+3.153331608E+00
+84.216000E-03,-65.000007E-03,-943.090E-06,+3.133231107E+00
+84.218000E-03,-64.999998E-03,+1.267965E-03,+3.153331611E+00
+84.220000E-03,-64.999998E-03,+61.935E-06,+3.133231109E+00
+84.222000E-03,-165.502520E-03,-2.852638E-03,+3.133231107E+00
+84.224000E-03,-65.000007E-03,-2.350125E-03,+3.133231107E+00
+84.226000E-03,-64.999998E-03,-742.085E-06,+3.153331608E+00
+84.228000E-03,-64.999998E-03,-3.154146E-03,+3.133231107E+00
+84.230000E-03,-64.999998E-03,-2.752136E-03,+3.153331608E+00
+84.232000E-03,-266.005015E-03,-1.948115E-03,+3.173432110E+00
+84.234000E-03,-64.999998E-03,-2.350125E-03,+3.153331611E+00
+84.236000E-03,-266.005015E-03,-3.154146E-03,+3.173432110E+00
+84.238000E-03,-165.502520E-03,-1.043593E-03,+3.153331611E+00
+84.240000E-03,-65.000007E-03,-340.075E-06,+3.133231107E+00
+84.242000E-03,-64.999998E-03,-641.583E-06,+3.133231107E+00
+84.244000E-03,-266.005024E-03,+61.935E-06,+3.133231109E+00
+84.246000E-03,-165.502502E-03,+363.442E-06,+3.153331608E+00
+84.248000E-03,-64.999998E-03,+1.066960E-03,+3.173432110E+00
+84.250000E-03,-165.502520E-03,+1.167462E-03,+3.173432112E+00
+84.252000E-03,-65.000007E-03,+3.077010E-03,+3.173432110E+00
+84.254000E-03,-64.999998E-03,+1.468970E-03,+3.133231107E+00
+84.256000E-03,-64.999998E-03,+1.870980E-03,+3.133231107E+00
+84.258000E-03,-64.999998E-03,+1.468970E-03,+3.133231107E+00
+84.260000E-03,-266.005024E-03,+1.066960E-03,+3.133231107E+00
+84.262000E-03,-64.999998E-03,+2.574498E-03,+3.153331611E+00
+84.264000E-03,-64.999998E-03,+1.468970E-03,+3.173432112E+00
+84.266000E-03,-64.999998E-03,+2.473995E-03,+3.133231107E+00
+84.268000E-03,-266.005015E-03,-1.948115E-03,+3.133231107E+00
+84.270000E-03,-64.999998E-03,+1.870980E-03,+3.133231107E+00
+84.272000E-03,-266.005015E-03,+664.950E-06,+3.133231107E+00
+84.274000E-03,-165.502520E-03,-239.573E-06,+3.133231107E+00
+84.276000E-03,-64.999998E-03,-1.747110E-03,+3.133231109E+00
+84.278000E-03,-64.999998E-03,-2.048618E-03,+3.133231107E+00
+84.280000E-03,-65.000007E-03,-1.345100E-03,+3.133231109E+00
+84.282000E-03,-64.999998E-03,+865.955E-06,+3.133231107E+00
+84.284000E-03,-64.999998E-03,-1.345100E-03,+3.133231107E+00
+84.286000E-03,-165.502502E-03,-1.948115E-03,+3.133231107E+00
+84.288000E-03,-266.005015E-03,-742.085E-06,+3.133231109E+00
+84.290000E-03,-64.999998E-03,-2.450628E-03,+3.153331608E+00
+84.292000E-03,-64.999998E-03,-340.075E-06,+3.133231107E+00
+84.294000E-03,-64.999998E-03,-842.588E-06,+3.133231107E+00
+84.296000E-03,-64.999998E-03,-340.075E-06,+3.133231107E+00
+84.298000E-03,-165.502502E-03,-742.085E-06,+3.153331608E+00
+84.300000E-03,-64.999998E-03,+2.473995E-03,+3.133231107E+00
+84.302000E-03,-165.502502E-03,+1.870980E-03,+3.153331611E+00
+84.304000E-03,+136.005020E-03,-1.546105E-03,+3.133231109E+00
+84.306000E-03,-64.999998E-03,+162.437E-06,+3.153331611E+00
+84.308000E-03,-64.999998E-03,+2.473995E-03,+3.133231109E+00
+84.310000E-03,-165.502520E-03,+1.870980E-03,+3.153331611E+00
+84.312000E-03,-266.005015E-03,+3.881030E-03,+3.133231107E+00
+84.314000E-03,-64.999998E-03,+1.870980E-03,+3.133231107E+00
+84.316000E-03,-64.999998E-03,+463.945E-06,+3.173432110E+00
+84.318000E-03,-165.502520E-03,-38.568E-06,+3.153331608E+00
+84.320000E-03,-64.999998E-03,+1.267965E-03,+3.133231109E+00
+84.322000E-03,-64.999998E-03,-139.070E-06,+3.153331608E+00
+84.324000E-03,-65.000007E-03,-3.154146E-03,+3.133231107E+00
+84.326000E-03,-64.999998E-03,-742.085E-06,+3.133231107E+00
+84.328000E-03,-64.999998E-03,-1.345100E-03,+3.133231107E+00
+84.330000E-03,-64.999998E-03,-3.857663E-03,+3.153331611E+00
+84.332000E-03,-266.005015E-03,-2.149120E-03,+3.133231107E+00
+84.334000E-03,-64.999998E-03,+162.437E-06,+3.133231107E+00
+84.336000E-03,-64.999998E-03,-742.085E-06,+3.173432110E+00
+84.338000E-03,-165.502501E-03,-2.852638E-03,+3.153331611E+00
+84.340000E-03,-64.999998E-03,-3.355151E-03,+3.133231107E+00
+84.342000E-03,-165.502501E-03,-340.075E-06,+3.153331608E+00
+84.344000E-03,-64.999998E-03,-2.149120E-03,+3.133231107E+00
+84.346000E-03,-165.502501E-03,-1.847613E-03,+3.153331608E+00
+84.348000E-03,-266.005015E-03,-1.345100E-03,+3.173432110E+00
+84.350000E-03,-165.502501E-03,-541.080E-06,+3.133231107E+00
+84.352000E-03,-64.999998E-03,+1.066960E-03,+3.133231109E+00
+84.354000E-03,-64.999998E-03,+1.267965E-03,+3.153331607E+00
+84.356000E-03,-64.999998E-03,+664.950E-06,+3.133231109E+00
+84.358000E-03,-64.999998E-03,+1.569472E-03,+3.133231107E+00
+84.360000E-03,-64.999998E-03,+1.669975E-03,+3.133231107E+00
+84.362000E-03,-64.999998E-03,+363.442E-06,+3.173432112E+00
+84.364000E-03,-64.999998E-03,+1.066960E-03,+3.133231107E+00
+84.366000E-03,-64.999998E-03,+2.071985E-03,+3.133231107E+00
+84.368000E-03,-266.005014E-03,+2.473995E-03,+3.173432110E+00
+84.370000E-03,-64.999998E-03,+2.675000E-03,+3.133231107E+00
+84.372000E-03,-266.005014E-03,-742.085E-06,+3.173432110E+00
+84.374000E-03,-165.502521E-03,+162.437E-06,+3.153331607E+00
+84.376000E-03,-64.999998E-03,-139.070E-06,+3.133231107E+00
+84.378000E-03,-165.502501E-03,-842.588E-06,+3.153331607E+00
+84.380000E-03,-64.999998E-03,-2.953140E-03,+3.173432110E+00
+84.382000E-03,-64.999998E-03,+61.935E-06,+3.153331607E+00
+84.384000E-03,-64.999998E-03,-943.090E-06,+3.173432110E+00
+84.386000E-03,-165.502501E-03,-3.656658E-03,+3.133231107E+00
+84.388000E-03,-65.000008E-03,-2.551130E-03,+3.133231107E+00
+84.390000E-03,-266.005024E-03,-3.154146E-03,+3.153331611E+00
+84.392000E-03,-65.000008E-03,-1.747110E-03,+3.133231107E+00
+84.394000E-03,-64.999998E-03,-2.450628E-03,+3.133231107E+00
+84.396000E-03,-266.005014E-03,-1.747110E-03,+3.133231107E+00
+84.398000E-03,-165.502501E-03,-1.445603E-03,+3.153331611E+00
+84.400000E-03,-65.000008E-03,-1.345100E-03,+3.133231107E+00
+84.402000E-03,-64.999998E-03,-1.043593E-03,+3.173432112E+00
+84.404000E-03,-64.999998E-03,+1.066960E-03,+3.133231107E+00
+84.406000E-03,-64.999998E-03,+262.940E-06,+3.133231107E+00
+84.408000E-03,-64.999998E-03,+1.669975E-03,+3.133231109E+00
+84.410000E-03,-165.502521E-03,+2.071985E-03,+3.153331607E+00
+84.412000E-03,-64.999998E-03,+463.945E-06,+3.133231107E+00
+84.414000E-03,-165.502501E-03,+2.574498E-03,+3.133231107E+00
+84.416000E-03,-266.005014E-03,+1.468970E-03,+3.133231107E+00
+84.418000E-03,-64.999998E-03,+664.950E-06,+3.133231107E+00
+84.420000E-03,-64.999998E-03,+865.955E-06,+3.173432110E+00
+84.422000E-03,-64.999998E-03,+966.457E-06,+3.133231107E+00
+84.424000E-03,-266.005014E-03,+61.935E-06,+3.173432112E+00
+84.426000E-03,-64.999998E-03,+162.437E-06,+3.173432112E+00
+84.428000E-03,-64.999998E-03,+865.955E-06,+3.133231107E+00
+84.430000E-03,-64.999998E-03,-943.090E-06,+3.133231107E+00
+84.432000E-03,-64.999998E-03,-1.345100E-03,+3.133231109E+00
+84.434000E-03,-64.999998E-03,-842.588E-06,+3.153331607E+00
+84.436000E-03,-64.999998E-03,+1.870980E-03,+3.133231109E+00
+84.438000E-03,-64.999998E-03,-2.551130E-03,+3.133231107E+00
+84.440000E-03,-64.999998E-03,-1.546105E-03,+3.173432110E+00
+84.442000E-03,-64.999998E-03,-2.953141E-03,+3.173432112E+00
+84.444000E-03,-64.999998E-03,-139.070E-06,+3.133231107E+00
+84.446000E-03,-165.502501E-03,-742.085E-06,+3.153331612E+00
+84.448000E-03,-266.005014E-03,-1.144095E-03,+3.133231107E+00
+84.450000E-03,-165.502501E-03,+262.940E-06,+3.133231107E+00
+84.452000E-03,-64.999998E-03,-340.075E-06,+3.133231107E+00
+84.454000E-03,-165.502501E-03,+162.437E-06,+3.133231107E+00
+84.456000E-03,-266.005024E-03,-139.070E-06,+3.173432110E+00
+84.458000E-03,-165.502521E-03,-239.573E-06,+3.133231107E+00
+84.460000E-03,-64.999998E-03,+1.267965E-03,+3.133231109E+00
+84.462000E-03,-165.502521E-03,-38.568E-06,+3.133231107E+00
+84.464000E-03,-64.999998E-03,+664.950E-06,+3.133231109E+00
+84.466000E-03,-64.999998E-03,+1.468970E-03,+3.133231107E+00
+84.468000E-03,-64.999998E-03,+1.066960E-03,+3.133231109E+00
+84.470000E-03,-165.502521E-03,+1.267965E-03,+3.153331612E+00
+84.472000E-03,-266.005014E-03,+2.675000E-03,+3.133231107E+00
+84.474000E-03,-64.999998E-03,-239.573E-06,+3.153331607E+00
+84.476000E-03,-64.999998E-03,+664.950E-06,+3.133231109E+00
+84.478000E-03,-165.502522E-03,-1.847613E-03,+3.153331607E+00
+84.480000E-03,-266.005014E-03,+664.950E-06,+3.133231107E+00
+84.482000E-03,-64.999998E-03,-1.345100E-03,+3.153331607E+00
+84.484000E-03,-64.999998E-03,-340.075E-06,+3.133231107E+00
+84.486000E-03,-64.999998E-03,-440.578E-06,+3.153331607E+00
+84.488000E-03,-266.005024E-03,-2.551130E-03,+3.133231107E+00
+84.490000E-03,-64.999998E-03,-1.948115E-03,+3.173432112E+00
+84.492000E-03,-266.005014E-03,-3.154145E-03,+3.133231109E+00
+84.494000E-03,-64.999998E-03,-842.588E-06,+3.153331612E+00
+84.496000E-03,-64.999998E-03,-2.953141E-03,+3.173432110E+00
+84.498000E-03,-64.999998E-03,-2.048618E-03,+3.153331612E+00
+84.500000E-03,-64.999998E-03,-541.080E-06,+3.133231107E+00
+84.502000E-03,-266.005024E-03,+1.167462E-03,+3.153331612E+00
+84.504000E-03,-266.005024E-03,-340.075E-06,+3.133231107E+00
+84.506000E-03,-64.999998E-03,-641.583E-06,+3.173432112E+00
+84.508000E-03,-64.999998E-03,+1.870980E-03,+3.133231109E+00
+84.510000E-03,-165.502522E-03,+564.447E-06,+3.153331607E+00
+84.512000E-03,-64.999998E-03,-340.075E-06,+3.133231109E+00
+84.514000E-03,-165.502522E-03,+2.675000E-03,+3.153331607E+00
+84.516000E-03,-64.999998E-03,+3.278015E-03,+3.133231107E+00
+84.518000E-03,-64.999998E-03,+1.267965E-03,+3.153331612E+00
+84.520000E-03,-64.999998E-03,+3.479020E-03,+3.133231107E+00
+84.522000E-03,-64.999998E-03,+664.950E-06,+3.133231107E+00
+84.524000E-03,-266.005013E-03,+664.950E-06,+3.133231107E+00
+84.526000E-03,-64.999998E-03,+1.167462E-03,+3.133231107E+00
+84.528000E-03,-64.999998E-03,+61.935E-06,+3.133231107E+00
+84.530000E-03,-64.999998E-03,+865.955E-06,+3.153331612E+00
+84.532000E-03,-266.005013E-03,+664.950E-06,+3.133231107E+00
+84.534000E-03,-64.999998E-03,-2.048618E-03,+3.133231107E+00
+84.536000E-03,-266.005013E-03,-1.747110E-03,+3.133231107E+00
+84.538000E-03,-64.999998E-03,-943.090E-06,+3.153331612E+00
+84.540000E-03,-64.999998E-03,-1.345100E-03,+3.133231109E+00
+84.542000E-03,-64.999998E-03,-1.948115E-03,+3.133231107E+00
+84.544000E-03,-64.999998E-03,-2.350125E-03,+3.133231107E+00
+84.546000E-03,-64.999998E-03,-641.583E-06,+3.133231107E+00
+84.548000E-03,-266.005013E-03,-3.958166E-03,+3.173432110E+00
+84.550000E-03,-64.999998E-03,-1.747110E-03,+3.153331607E+00
+84.552000E-03,-64.999998E-03,-541.080E-06,+3.173432110E+00
+84.554000E-03,-64.999998E-03,-2.048618E-03,+3.153331612E+00
+84.556000E-03,-64.999998E-03,+463.945E-06,+3.173432110E+00
+84.558000E-03,-64.999998E-03,+1.468970E-03,+3.153331612E+00
+84.560000E-03,-64.999998E-03,+664.950E-06,+3.133231109E+00
+84.562000E-03,-64.999998E-03,-38.568E-06,+3.153331607E+00
+84.564000E-03,-64.999998E-03,+1.066960E-03,+3.133231107E+00
+84.566000E-03,-165.502522E-03,+1.066960E-03,+3.153331607E+00
+84.568000E-03,-64.999998E-03,+1.267965E-03,+3.133231107E+00
+84.570000E-03,-165.502500E-03,-340.075E-06,+3.153331612E+00
+84.572000E-03,-64.999998E-03,+1.468970E-03,+3.133231107E+00
+84.574000E-03,-64.999998E-03,+1.167462E-03,+3.133231107E+00
+84.576000E-03,-64.999998E-03,+2.071985E-03,+3.133231107E+00
+84.578000E-03,-64.999998E-03,+363.442E-06,+3.133231107E+00
+84.580000E-03,-65.000009E-03,+2.675000E-03,+3.133231107E+00
+84.582000E-03,-64.999998E-03,+765.452E-06,+3.173432112E+00
+84.584000E-03,-64.999998E-03,-340.075E-06,+3.133231107E+00
+84.586000E-03,-64.999998E-03,-1.043593E-03,+3.133231107E+00
+84.588000E-03,-266.005024E-03,-943.090E-06,+3.133231107E+00
+84.590000E-03,-64.999998E-03,-943.090E-06,+3.153331607E+00
+84.592000E-03,-64.999998E-03,+262.940E-06,+3.133231107E+00
+84.594000E-03,-64.999998E-03,+1.569472E-03,+3.153331607E+00
+84.596000E-03,-64.999998E-03,-1.345100E-03,+3.133231109E+00
+84.598000E-03,-165.502522E-03,-3.053643E-03,+3.133231107E+00
+84.600000E-03,-64.999998E-03,-1.948115E-03,+3.133231109E+00
+84.602000E-03,-165.502522E-03,+1.368467E-03,+3.133231107E+00
+84.604000E-03,-64.999998E-03,-943.090E-06,+3.133231109E+00
+84.606000E-03,-165.502500E-03,-340.075E-06,+3.173432112E+00
+84.608000E-03,-64.999998E-03,+865.955E-06,+3.133231107E+00
+84.610000E-03,-165.502500E-03,+1.066960E-03,+3.153331612E+00
+84.612000E-03,-64.999998E-03,+262.940E-06,+3.173432109E+00
+84.614000E-03,-64.999998E-03,+564.447E-06,+3.133231107E+00
+84.616000E-03,-64.999998E-03,+1.669975E-03,+3.133231107E+00
+84.618000E-03,-64.999998E-03,+3.077010E-03,+3.133231107E+00
+84.620000E-03,-64.999998E-03,+463.945E-06,+3.173432109E+00
+84.622000E-03,-64.999998E-03,-541.080E-06,+3.133231107E+00
+84.624000E-03,-266.005013E-03,-1.345100E-03,+3.173432109E+00
+84.626000E-03,-165.502499E-03,-340.075E-06,+3.113130607E+00
+84.628000E-03,-64.999998E-03,+2.071985E-03,+3.173432109E+00
+84.630000E-03,-64.999998E-03,+1.468970E-03,+3.153331612E+00
+84.632000E-03,-64.999998E-03,+463.945E-06,+3.133231107E+00
+84.634000E-03,-64.999998E-03,+1.066960E-03,+3.153331612E+00
+84.636000E-03,-64.999998E-03,-541.080E-06,+3.133231109E+00
+84.638000E-03,-165.502499E-03,-1.043593E-03,+3.133231107E+00
+84.640000E-03,-266.005024E-03,+865.955E-06,+3.133231107E+00
+84.642000E-03,-165.502499E-03,-1.546105E-03,+3.173432112E+00
+84.644000E-03,-64.999998E-03,-943.090E-06,+3.133231107E+00
+84.646000E-03,-64.999998E-03,-1.747110E-03,+3.133231107E+00
+84.648000E-03,-266.005013E-03,+463.945E-06,+3.133231107E+00
+84.650000E-03,-64.999998E-03,-943.090E-06,+3.133231107E+00
+84.652000E-03,-64.999998E-03,-3.154146E-03,+3.133231109E+00
+84.654000E-03,-165.502523E-03,-1.144095E-03,+3.133231107E+00
+84.656000E-03,-64.999998E-03,+1.669975E-03,+3.173432109E+00
+84.658000E-03,-64.999998E-03,-1.244598E-03,+3.133231107E+00
+84.660000E-03,-266.005013E-03,-541.080E-06,+3.133231107E+00
+84.662000E-03,-64.999998E-03,-1.244598E-03,+3.153331607E+00
+84.664000E-03,-266.005013E-03,-943.090E-06,+3.133231109E+00
+84.666000E-03,-165.502499E-03,-139.070E-06,+3.133231107E+00
+84.668000E-03,-64.999998E-03,-541.080E-06,+3.133231107E+00
+84.670000E-03,-64.999998E-03,+1.267965E-03,+3.133231107E+00
+84.672000E-03,-64.999998E-03,+1.066960E-03,+3.133231107E+00
+84.674000E-03,-64.999998E-03,+1.066960E-03,+3.153331607E+00
+84.676000E-03,-64.999998E-03,+1.669975E-03,+3.133231110E+00
+84.678000E-03,-165.502499E-03,+1.870980E-03,+3.133231107E+00
+84.680000E-03,-64.999998E-03,+463.945E-06,+3.133231110E+00
+84.682000E-03,-64.999998E-03,+865.955E-06,+3.153331607E+00
+84.684000E-03,-64.999998E-03,-742.085E-06,+3.133231110E+00
+84.686000E-03,-64.999998E-03,+564.447E-06,+3.133231107E+00
+84.688000E-03,-64.999998E-03,+865.955E-06,+3.133231110E+00
+84.690000E-03,-165.502523E-03,-1.244598E-03,+3.133231107E+00
+84.692000E-03,-65.000009E-03,+664.950E-06,+3.133231107E+00
+84.694000E-03,-64.999998E-03,-641.583E-06,+3.133231107E+00
+84.696000E-03,-266.005012E-03,+262.940E-06,+3.173432112E+00
+84.698000E-03,-64.999998E-03,-3.053643E-03,+3.133231107E+00
+84.700000E-03,-266.005012E-03,-541.080E-06,+3.133231110E+00
+84.702000E-03,-165.502523E-03,-2.551131E-03,+3.133231107E+00
+84.704000E-03,-266.005012E-03,-2.149120E-03,+3.133231107E+00
+84.706000E-03,-165.502499E-03,-1.948115E-03,+3.153331607E+00
+84.708000E-03,-64.999998E-03,+1.468970E-03,+3.133231110E+00
+84.710000E-03,-165.502499E-03,-1.445603E-03,+3.133231107E+00
+84.712000E-03,-64.999998E-03,-742.085E-06,+3.173432109E+00
+84.714000E-03,-165.502523E-03,-1.345100E-03,+3.153331607E+00
+84.716000E-03,-64.999998E-03,+463.945E-06,+3.133231107E+00
+84.718000E-03,-64.999998E-03,+1.267965E-03,+3.153331607E+00
+84.720000E-03,-266.005024E-03,+2.272990E-03,+3.173432109E+00
+84.722000E-03,-64.999998E-03,+765.452E-06,+3.133231107E+00
+84.724000E-03,-64.999998E-03,-340.075E-06,+3.133231110E+00
+84.726000E-03,-64.999998E-03,+61.935E-06,+3.153331612E+00
+84.728000E-03,-64.999998E-03,+262.940E-06,+3.173432109E+00
+84.730000E-03,-64.999998E-03,+1.770477E-03,+3.133231107E+00
+84.732000E-03,-64.999998E-03,+1.267965E-03,+3.133231107E+00
+84.734000E-03,-165.502523E-03,+61.935E-06,+3.133231107E+00
+84.736000E-03,-266.005012E-03,+262.940E-06,+3.133231107E+00
+84.738000E-03,-64.999998E-03,-842.588E-06,+3.153331607E+00
+84.740000E-03,-64.999998E-03,+61.935E-06,+3.133231110E+00
+84.742000E-03,-64.999998E-03,+2.272990E-03,+3.153331612E+00
+84.744000E-03,-64.999998E-03,-1.747110E-03,+3.133231107E+00
+84.746000E-03,-165.502499E-03,-1.646608E-03,+3.133231107E+00
+84.748000E-03,-65.000010E-03,-1.144095E-03,+3.133231110E+00
+84.750000E-03,-64.999998E-03,-1.043593E-03,+3.133231107E+00
+84.752000E-03,-64.999998E-03,-742.085E-06,+3.173432112E+00
+84.754000E-03,+35.502503E-03,-239.573E-06,+3.153331607E+00
+84.756000E-03,-266.005012E-03,-742.085E-06,+3.173432112E+00
+84.758000E-03,-64.999998E-03,-742.085E-06,+3.153331612E+00
+84.760000E-03,-64.999998E-03,+1.066960E-03,+3.173432112E+00
+84.762000E-03,-64.999998E-03,+262.940E-06,+3.153331607E+00
+84.764000E-03,-64.999998E-03,-340.075E-06,+3.133231110E+00
+84.766000E-03,-165.502523E-03,-943.090E-06,+3.173432112E+00
+84.768000E-03,-64.999998E-03,+865.955E-06,+3.133231107E+00
+84.770000E-03,-64.999998E-03,-943.090E-06,+3.153331607E+00
+84.772000E-03,-266.005012E-03,+262.940E-06,+3.133231107E+00
+84.774000E-03,-165.502523E-03,+564.447E-06,+3.153331607E+00
+84.776000E-03,-64.999998E-03,-139.070E-06,+3.173432109E+00
+84.778000E-03,-64.999998E-03,+564.447E-06,+3.133231107E+00
+84.780000E-03,-64.999998E-03,+664.950E-06,+3.133231107E+00
+84.782000E-03,-165.502499E-03,-38.568E-06,+3.133231107E+00
+84.784000E-03,-64.999998E-03,+1.669975E-03,+3.173432109E+00
+84.786000E-03,-165.502498E-03,+966.457E-06,+3.133231107E+00
+84.788000E-03,+136.005017E-03,+1.066960E-03,+3.133231110E+00
+84.790000E-03,-165.502523E-03,+463.945E-06,+3.133231107E+00
+84.792000E-03,-65.000010E-03,+1.669975E-03,+3.133231107E+00
+84.794000E-03,-64.999998E-03,+363.442E-06,+3.133231107E+00
+84.796000E-03,-64.999998E-03,-340.075E-06,+3.173432109E+00
+84.798000E-03,-64.999998E-03,-1.144095E-03,+3.133231107E+00
